{
  "logistic_regression": {
    "auc": 0.7502646916116102,
    "ks": 0.3894336470172274,
    "accuracy": 0.7901111111111111,
    "f1": 0.37718430596768876,
    "ks_threshold": 0.21190124208183542
  },
  "gbdt": {
    "auc": 0.7788397051964258,
    "ks": 0.427479872867768,
    "accuracy": 0.8161111111111111,
    "f1": 0.4649207888781119,
    "ks_threshold": 0.25372580130367783
  }
}